light_id,x_coordinate,y_coordinate
supercalifragilisticexpealidigital:1-0,21.5,0
supercalifragilisticexpealidigital:1-1,21.5,1.5
supercalifragilisticexpealidigital:1-2,21.5,3
supercalifragilisticexpealidigital:1-3,21.5,4.5
supercalifragilisticexpealidigital:1-4,21.5,6
supercalifragilisticexpealidigital:1-5,21.5,7.5
supercalifragilisticexpealidigital:1-6,21.5,9
supercalifragilisticexpealidigital:1-7,21.5,10.5
supercalifragilisticexpealidigital:1-8,21.5,12
supercalifragilisticexpealidigital:1-9,21.5,13.5
supercalifragilisticexpealidigital:1-10,21.5,15
supercalifragilisticexpealidigital:1-11,21.5,16.5
supercalifragilisticexpealidigital:1-12,21.5,18
supercalifragilisticexpealidigital:1-13,21.5,19.5
supercalifragilisticexpealidigital:1-14,21.5,21
supercalifragilisticexpealidigital:1-15,21.5,22.5
supercalifragilisticexpealidigital:1-16,21.5,24
supercalifragilisticexpealidigital:1-17,21.5,25.5
supercalifragilisticexpealidigital:1-18,21.5,27
supercalifragilisticexpealidigital:1-19,21.5,28.5
supercalifragilisticexpealidigital:1-20,21.5,30
supercalifragilisticexpealidigital:1-21,21.5,31.5
supercalifragilisticexpealidigital:1-22,21.5,33
supercalifragilisticexpealidigital:1-23,21.5,34.5
supercalifragilisticexpealidigital:1-24,21.5,36
supercalifragilisticexpealidigital:1-25,21.5,37.5
supercalifragilisticexpealidigital:1-26,21.5,39
supercalifragilisticexpealidigital:1-27,21.5,40.5
supercalifragilisticexpealidigital:1-28,21.5,42
supercalifragilisticexpealidigital:1-29,21.5,43.5
supercalifragilisticexpealidigital:1-30,21.5,45
supercalifragilisticexpealidigital:1-31,21.5,46.5
supercalifragilisticexpealidigital:1-32,21.5,48
supercalifragilisticexpealidigital:1-33,21.5,49.5
supercalifragilisticexpealidigital:1-34,21.5,51
supercalifragilisticexpealidigital:1-35,21.5,52.5
supercalifragilisticexpealidigital:1-36,21.5,54
supercalifragilisticexpealidigital:1-37,21.5,55.5
supercalifragilisticexpealidigital:1-38,21.5,57
supercalifragilisticexpealidigital:1-39,21.5,58.5
supercalifragilisticexpealidigital:1-40,21.5,60
supercalifragilisticexpealidigital:1-41,21.5,61.5
supercalifragilisticexpealidigital:1-42,21.5,63
supercalifragilisticexpealidigital:1-43,21.5,64.5
supercalifragilisticexpealidigital:1-44,21.5,66
supercalifragilisticexpealidigital:1-45,21.5,67.5
supercalifragilisticexpealidigital:1-46,21.5,69
supercalifragilisticexpealidigital:1-47,21.5,70.5
supercalifragilisticexpealidigital:1-48,21.5,72
supercalifragilisticexpealidigital:1-49,21.5,73.5
supercalifragilisticexpealidigital:1-50,21.5,75
supercalifragilisticexpealidigital:1-51,21.5,76.5
supercalifragilisticexpealidigital:1-52,21.5,78
supercalifragilisticexpealidigital:1-53,21.5,79.5
supercalifragilisticexpealidigital:1-54,21.5,81
supercalifragilisticexpealidigital:1-55,21.5,82.5
supercalifragilisticexpealidigital:1-56,21.5,84
supercalifragilisticexpealidigital:1-57,21.5,85.5
supercalifragilisticexpealidigital:1-58,21.5,87
supercalifragilisticexpealidigital:1-59,21.5,88.5
supercalifragilisticexpealidigital:1-60,21.5,90
supercalifragilisticexpealidigital:1-61,21.5,91.5
supercalifragilisticexpealidigital:1-62,21.5,93
supercalifragilisticexpealidigital:1-63,21.5,94.5
supercalifragilisticexpealidigital:1-64,21.5,96
supercalifragilisticexpealidigital:1-65,23,96
supercalifragilisticexpealidigital:1-66,24.5,96
supercalifragilisticexpealidigital:1-67,26,96
supercalifragilisticexpealidigital:1-68,27.5,96
supercalifragilisticexpealidigital:1-69,29,96
supercalifragilisticexpealidigital:1-70,30.5,96
supercalifragilisticexpealidigital:1-71,32,96
supercalifragilisticexpealidigital:1-72,33.5,96
supercalifragilisticexpealidigital:1-73,35,96
supercalifragilisticexpealidigital:1-74,36.5,96
supercalifragilisticexpealidigital:1-75,38,96
supercalifragilisticexpealidigital:1-76,39.5,96
supercalifragilisticexpealidigital:1-77,41,96
supercalifragilisticexpealidigital:1-78,42.5,96
supercalifragilisticexpealidigital:1-79,44,96
supercalifragilisticexpealidigital:1-80,45.5,96
supercalifragilisticexpealidigital:1-81,47,96
supercalifragilisticexpealidigital:1-82,48.5,96
supercalifragilisticexpealidigital:1-83,50,96
supercalifragilisticexpealidigital:1-84,51.5,96
supercalifragilisticexpealidigital:1-85,53,96
supercalifragilisticexpealidigital:1-86,54.5,96
supercalifragilisticexpealidigital:1-87,56,96
supercalifragilisticexpealidigital:1-88,57.5,96
supercalifragilisticexpealidigital:1-89,59,96
supercalifragilisticexpealidigital:1-90,60.5,96
supercalifragilisticexpealidigital:1-91,62,96
supercalifragilisticexpealidigital:1-92,63.5,96
supercalifragilisticexpealidigital:1-93,65,96
supercalifragilisticexpealidigital:1-94,65,94.5
supercalifragilisticexpealidigital:1-95,65,93
supercalifragilisticexpealidigital:1-96,65,91.5
supercalifragilisticexpealidigital:1-97,65,90
supercalifragilisticexpealidigital:1-98,65,88.5
supercalifragilisticexpealidigital:1-99,65,87
supercalifragilisticexpealidigital:1-100,65,85.5
supercalifragilisticexpealidigital:1-101,65,84
supercalifragilisticexpealidigital:1-102,65,82.5
supercalifragilisticexpealidigital:1-103,65,81
supercalifragilisticexpealidigital:1-104,65,79.5
supercalifragilisticexpealidigital:1-105,65,78
supercalifragilisticexpealidigital:1-106,65,76.5
supercalifragilisticexpealidigital:1-107,65,75
supercalifragilisticexpealidigital:1-108,65,73.5
supercalifragilisticexpealidigital:1-109,65,72
supercalifragilisticexpealidigital:1-110,65,70.5
supercalifragilisticexpealidigital:1-111,65,69
supercalifragilisticexpealidigital:1-112,65,67.5
supercalifragilisticexpealidigital:1-113,65,66
supercalifragilisticexpealidigital:1-114,65,64.5
supercalifragilisticexpealidigital:1-115,65,63
supercalifragilisticexpealidigital:1-116,65,61.5
supercalifragilisticexpealidigital:1-117,65,60
supercalifragilisticexpealidigital:1-118,65,58.5
supercalifragilisticexpealidigital:1-119,65,57
supercalifragilisticexpealidigital:1-120,65,55.5
supercalifragilisticexpealidigital:1-121,65,54
supercalifragilisticexpealidigital:1-122,65,52.5
supercalifragilisticexpealidigital:1-123,65,51
supercalifragilisticexpealidigital:1-124,65,49.5
supercalifragilisticexpealidigital:1-125,65,48
supercalifragilisticexpealidigital:1-126,65,46.5
supercalifragilisticexpealidigital:1-127,65,45
supercalifragilisticexpealidigital:1-128,65,43.5
supercalifragilisticexpealidigital:1-129,65,42
supercalifragilisticexpealidigital:1-130,65,40.5
supercalifragilisticexpealidigital:1-131,65,39
supercalifragilisticexpealidigital:1-132,65,37.5
supercalifragilisticexpealidigital:1-133,65,36
supercalifragilisticexpealidigital:1-134,65,34.5
supercalifragilisticexpealidigital:1-135,65,33
supercalifragilisticexpealidigital:1-136,65,31.5
supercalifragilisticexpealidigital:1-137,65,30
supercalifragilisticexpealidigital:1-138,65,28.5
supercalifragilisticexpealidigital:1-139,65,27
supercalifragilisticexpealidigital:1-140,65,25.5
supercalifragilisticexpealidigital:1-141,65,24
supercalifragilisticexpealidigital:1-142,65,22.5
supercalifragilisticexpealidigital:1-143,65,21
supercalifragilisticexpealidigital:1-144,65,19.5
supercalifragilisticexpealidigital:1-145,65,18
supercalifragilisticexpealidigital:1-146,65,16.5
supercalifragilisticexpealidigital:1-147,65,15
supercalifragilisticexpealidigital:1-148,65,13.5
supercalifragilisticexpealidigital:1-149,65,12
supercalifragilisticexpealidigital:1-150,65,10.5
supercalifragilisticexpealidigital:1-151,65,9
supercalifragilisticexpealidigital:1-152,65,7.5
supercalifragilisticexpealidigital:1-153,65,6
supercalifragilisticexpealidigital:1-154,65,4.5
supercalifragilisticexpealidigital:1-155,65,3
supercalifragilisticexpealidigital:1-156,65,1.5
supercalifragilisticexpealidigital:2-0,0,0
supercalifragilisticexpealidigital:2-1,0,1.5
supercalifragilisticexpealidigital:2-2,0,3
supercalifragilisticexpealidigital:2-3,0,4.5
supercalifragilisticexpealidigital:2-4,0,6
supercalifragilisticexpealidigital:2-5,0,7.5
supercalifragilisticexpealidigital:2-6,0,9
supercalifragilisticexpealidigital:2-7,0,10.5
supercalifragilisticexpealidigital:2-8,0,12
supercalifragilisticexpealidigital:2-9,0,13.5
supercalifragilisticexpealidigital:2-10,0,15
supercalifragilisticexpealidigital:2-11,0,16.5
supercalifragilisticexpealidigital:2-12,0,18
supercalifragilisticexpealidigital:2-13,0,19.5
supercalifragilisticexpealidigital:2-14,0,21
supercalifragilisticexpealidigital:2-15,0,22.5
supercalifragilisticexpealidigital:2-16,0,24
supercalifragilisticexpealidigital:2-17,0,25.5
supercalifragilisticexpealidigital:2-18,0,27
supercalifragilisticexpealidigital:2-19,0,28.5
supercalifragilisticexpealidigital:2-20,0,30
supercalifragilisticexpealidigital:2-21,0,31.5
supercalifragilisticexpealidigital:2-22,0,33
supercalifragilisticexpealidigital:2-23,0,34.5
supercalifragilisticexpealidigital:2-24,0,36
supercalifragilisticexpealidigital:2-25,0,37.5
supercalifragilisticexpealidigital:2-26,0,39
supercalifragilisticexpealidigital:2-27,0,40.5
supercalifragilisticexpealidigital:2-28,0,42
supercalifragilisticexpealidigital:2-29,0,43.5
supercalifragilisticexpealidigital:2-30,0,45
supercalifragilisticexpealidigital:2-31,0,46.5
supercalifragilisticexpealidigital:2-32,0,48
supercalifragilisticexpealidigital:2-33,0,49.5
supercalifragilisticexpealidigital:2-34,0,51
supercalifragilisticexpealidigital:2-35,0,52.5
supercalifragilisticexpealidigital:2-36,0,54
supercalifragilisticexpealidigital:2-37,0,55.5
supercalifragilisticexpealidigital:2-38,0,57
supercalifragilisticexpealidigital:2-39,0,58.5
supercalifragilisticexpealidigital:2-40,0,60
supercalifragilisticexpealidigital:2-41,0,61.5
supercalifragilisticexpealidigital:2-42,0,63
supercalifragilisticexpealidigital:2-43,0,64.5
supercalifragilisticexpealidigital:2-44,0,66
supercalifragilisticexpealidigital:2-45,0,67.5
supercalifragilisticexpealidigital:2-46,0,69
supercalifragilisticexpealidigital:2-47,0,70.5
supercalifragilisticexpealidigital:2-48,0,72
supercalifragilisticexpealidigital:2-49,0,73.5
supercalifragilisticexpealidigital:2-50,0,75
supercalifragilisticexpealidigital:2-51,0,76.5
supercalifragilisticexpealidigital:2-52,0,78
supercalifragilisticexpealidigital:2-53,0,79.5
supercalifragilisticexpealidigital:2-54,0,81
supercalifragilisticexpealidigital:2-55,0,82.5
supercalifragilisticexpealidigital:2-56,0,84
supercalifragilisticexpealidigital:2-57,0,85.5
supercalifragilisticexpealidigital:2-58,0,87
supercalifragilisticexpealidigital:2-59,0,88.5
supercalifragilisticexpealidigital:2-60,0,90
supercalifragilisticexpealidigital:2-61,0,91.5
supercalifragilisticexpealidigital:2-62,0,93
supercalifragilisticexpealidigital:2-63,0,94.5
supercalifragilisticexpealidigital:2-64,0,96
supercalifragilisticexpealidigital:2-65,0,97.5
supercalifragilisticexpealidigital:2-66,0,99
supercalifragilisticexpealidigital:2-67,0,100.5
supercalifragilisticexpealidigital:2-68,0,102
supercalifragilisticexpealidigital:2-69,0,103.5
supercalifragilisticexpealidigital:2-70,0,105
supercalifragilisticexpealidigital:2-71,0,106.5
supercalifragilisticexpealidigital:2-72,0,108
supercalifragilisticexpealidigital:2-73,0,109.5
supercalifragilisticexpealidigital:2-74,0,111
supercalifragilisticexpealidigital:2-75,0,112.5
supercalifragilisticexpealidigital:2-76,0,114
supercalifragilisticexpealidigital:2-77,0,115.5
supercalifragilisticexpealidigital:2-78,0,117
supercalifragilisticexpealidigital:2-79,0,118.5
supercalifragilisticexpealidigital:2-80,0,120
supercalifragilisticexpealidigital:2-81,0,121.5
supercalifragilisticexpealidigital:2-82,0,123
supercalifragilisticexpealidigital:2-83,0,124.5
supercalifragilisticexpealidigital:2-84,0,126
supercalifragilisticexpealidigital:2-85,0,127
supercalifragilisticexpealidigital:2-86,1.5,127
supercalifragilisticexpealidigital:2-87,3,127
supercalifragilisticexpealidigital:2-88,4.5,127
supercalifragilisticexpealidigital:2-89,6,127
supercalifragilisticexpealidigital:2-90,7.5,127
supercalifragilisticexpealidigital:2-91,9,127
supercalifragilisticexpealidigital:2-92,10.5,127
supercalifragilisticexpealidigital:2-93,12,127
supercalifragilisticexpealidigital:2-94,13.5,127
supercalifragilisticexpealidigital:2-95,15,127
supercalifragilisticexpealidigital:2-96,16.5,127
supercalifragilisticexpealidigital:2-97,18,127
supercalifragilisticexpealidigital:2-98,19.5,127
supercalifragilisticexpealidigital:2-99,21,127
supercalifragilisticexpealidigital:2-100,22.5,127
supercalifragilisticexpealidigital:2-101,24,127
supercalifragilisticexpealidigital:2-102,25.5,127
supercalifragilisticexpealidigital:2-103,27,127
supercalifragilisticexpealidigital:2-104,28.5,127
supercalifragilisticexpealidigital:2-105,30,127
supercalifragilisticexpealidigital:2-106,31.5,127
supercalifragilisticexpealidigital:2-107,33,127
supercalifragilisticexpealidigital:2-108,34.5,127
supercalifragilisticexpealidigital:2-109,36,127
supercalifragilisticexpealidigital:2-110,37.5,127
supercalifragilisticexpealidigital:2-111,39,127
supercalifragilisticexpealidigital:2-112,40.5,127
supercalifragilisticexpealidigital:2-113,42,127
supercalifragilisticexpealidigital:2-114,43.5,127
supercalifragilisticexpealidigital:2-115,45,127
supercalifragilisticexpealidigital:2-116,46.5,127
supercalifragilisticexpealidigital:2-117,48,127
supercalifragilisticexpealidigital:2-118,49.5,127
supercalifragilisticexpealidigital:2-119,51,127
supercalifragilisticexpealidigital:2-120,52.5,127
supercalifragilisticexpealidigital:2-121,54,127
supercalifragilisticexpealidigital:2-122,55.5,127
supercalifragilisticexpealidigital:2-123,57,127
supercalifragilisticexpealidigital:2-124,58.5,127
supercalifragilisticexpealidigital:2-125,60,127
supercalifragilisticexpealidigital:2-126,61.5,127
supercalifragilisticexpealidigital:2-127,63,127
supercalifragilisticexpealidigital:2-128,64.5,127
supercalifragilisticexpealidigital:2-129,66,127
supercalifragilisticexpealidigital:2-130,67.5,127
supercalifragilisticexpealidigital:2-131,69,127
supercalifragilisticexpealidigital:2-132,70.5,127
supercalifragilisticexpealidigital:2-133,72,127
supercalifragilisticexpealidigital:2-134,73.5,127
supercalifragilisticexpealidigital:2-135,75,127
supercalifragilisticexpealidigital:2-136,76.5,127
supercalifragilisticexpealidigital:2-137,78,127
supercalifragilisticexpealidigital:2-138,79.5,127
supercalifragilisticexpealidigital:2-139,81,127
supercalifragilisticexpealidigital:2-140,82.5,127
supercalifragilisticexpealidigital:2-141,84,127
supercalifragilisticexpealidigital:2-142,85.5,127
supercalifragilisticexpealidigital:2-143,86.5,127
supercalifragilisticexpealidigital:2-144,86.5,125.5
supercalifragilisticexpealidigital:2-145,86.5,124
supercalifragilisticexpealidigital:2-146,86.5,122.5
supercalifragilisticexpealidigital:2-147,86.5,121
supercalifragilisticexpealidigital:2-148,86.5,119.5
supercalifragilisticexpealidigital:2-149,86.5,118
supercalifragilisticexpealidigital:2-150,86.5,116.5
supercalifragilisticexpealidigital:2-151,86.5,115
supercalifragilisticexpealidigital:2-152,86.5,113.5
supercalifragilisticexpealidigital:2-153,86.5,112
supercalifragilisticexpealidigital:2-154,86.5,110.5
supercalifragilisticexpealidigital:2-155,86.5,109
supercalifragilisticexpealidigital:2-156,86.5,107.5
supercalifragilisticexpealidigital:2-157,86.5,106
supercalifragilisticexpealidigital:2-158,86.5,104.5
supercalifragilisticexpealidigital:2-159,86.5,103
supercalifragilisticexpealidigital:2-160,86.5,101.5
supercalifragilisticexpealidigital:2-161,86.5,100
supercalifragilisticexpealidigital:2-162,86.5,98.5
supercalifragilisticexpealidigital:2-163,86.5,97
supercalifragilisticexpealidigital:2-164,86.5,95.5
supercalifragilisticexpealidigital:2-165,86.5,94
supercalifragilisticexpealidigital:2-166,86.5,92.5
supercalifragilisticexpealidigital:2-167,86.5,91
supercalifragilisticexpealidigital:2-168,86.5,89.5
supercalifragilisticexpealidigital:2-169,86.5,88
supercalifragilisticexpealidigital:2-170,86.5,86.5
supercalifragilisticexpealidigital:2-171,86.5,85
supercalifragilisticexpealidigital:2-172,86.5,83.5
supercalifragilisticexpealidigital:2-173,86.5,82
supercalifragilisticexpealidigital:2-174,86.5,80.5
supercalifragilisticexpealidigital:2-175,86.5,79
supercalifragilisticexpealidigital:2-176,86.5,77.5
supercalifragilisticexpealidigital:2-177,86.5,76
supercalifragilisticexpealidigital:2-178,86.5,74.5
supercalifragilisticexpealidigital:2-179,86.5,73
supercalifragilisticexpealidigital:2-180,86.5,71.5
supercalifragilisticexpealidigital:2-181,86.5,70
supercalifragilisticexpealidigital:2-182,86.5,68.5
supercalifragilisticexpealidigital:2-183,86.5,67
supercalifragilisticexpealidigital:2-184,86.5,65.5
supercalifragilisticexpealidigital:2-185,86.5,64
supercalifragilisticexpealidigital:2-186,86.5,62.5
supercalifragilisticexpealidigital:2-187,86.5,61
supercalifragilisticexpealidigital:2-188,86.5,59.5
supercalifragilisticexpealidigital:2-189,86.5,58
supercalifragilisticexpealidigital:2-190,86.5,56.5
supercalifragilisticexpealidigital:2-191,86.5,55
supercalifragilisticexpealidigital:2-192,86.5,53.5
supercalifragilisticexpealidigital:2-193,86.5,52
supercalifragilisticexpealidigital:2-194,86.5,50.5
supercalifragilisticexpealidigital:2-195,86.5,49
supercalifragilisticexpealidigital:2-196,86.5,47.5
supercalifragilisticexpealidigital:2-197,86.5,46
supercalifragilisticexpealidigital:2-198,86.5,44.5
supercalifragilisticexpealidigital:2-199,86.5,43
supercalifragilisticexpealidigital:2-200,86.5,41.5
supercalifragilisticexpealidigital:2-201,86.5,40
supercalifragilisticexpealidigital:2-202,86.5,38.5
supercalifragilisticexpealidigital:2-203,86.5,37
supercalifragilisticexpealidigital:2-204,86.5,35.5
supercalifragilisticexpealidigital:2-205,86.5,34
supercalifragilisticexpealidigital:2-206,86.5,32.5
supercalifragilisticexpealidigital:2-207,86.5,31
supercalifragilisticexpealidigital:2-208,86.5,29.5
supercalifragilisticexpealidigital:2-209,86.5,28
supercalifragilisticexpealidigital:2-210,86.5,26.5
supercalifragilisticexpealidigital:2-211,86.5,25
supercalifragilisticexpealidigital:2-212,86.5,23.5
supercalifragilisticexpealidigital:2-213,86.5,22
supercalifragilisticexpealidigital:2-214,86.5,20.5
supercalifragilisticexpealidigital:2-215,86.5,19
supercalifragilisticexpealidigital:2-216,86.5,17.5
supercalifragilisticexpealidigital:2-217,86.5,16
supercalifragilisticexpealidigital:2-218,86.5,14.5
supercalifragilisticexpealidigital:2-219,86.5,13
supercalifragilisticexpealidigital:2-220,86.5,11.5
supercalifragilisticexpealidigital:2-221,86.5,10
supercalifragilisticexpealidigital:2-222,86.5,8.5
supercalifragilisticexpealidigital:2-223,86.5,7
supercalifragilisticexpealidigital:2-224,86.5,5.5
supercalifragilisticexpealidigital:2-225,86.5,4
supercalifragilisticexpealidigital:2-226,86.5,2.5
supercalifragilisticexpealidigital:2-227,86.5,1
berts_brights:1-0,148.75,0
berts_brights:1-1,148.75,1.5
berts_brights:1-2,148.75,3
berts_brights:1-3,148.75,4.5
berts_brights:1-4,148.75,6
berts_brights:1-5,148.75,7.5
berts_brights:1-6,148.75,9
berts_brights:1-7,148.75,10.5
berts_brights:1-8,148.75,12
berts_brights:1-9,148.75,13.5
berts_brights:1-10,148.75,15
berts_brights:1-11,148.75,16.5
berts_brights:1-12,148.75,18
berts_brights:1-13,148.75,19.5
berts_brights:1-14,148.75,21
berts_brights:1-15,148.75,22.5
berts_brights:1-16,148.75,24
berts_brights:1-17,148.75,25.5
berts_brights:1-18,148.75,27
berts_brights:1-19,148.75,28.5
berts_brights:1-20,148.75,30
berts_brights:1-21,148.75,31.5
berts_brights:1-22,148.75,33
berts_brights:1-23,148.75,34.5
berts_brights:1-24,148.75,36
berts_brights:1-25,148.75,37.5
berts_brights:1-26,148.75,39
berts_brights:1-27,148.75,40.5
berts_brights:1-28,148.75,42
berts_brights:1-29,148.75,43.5
berts_brights:1-30,148.75,45
berts_brights:1-31,148.75,46.5
berts_brights:1-32,148.75,48
berts_brights:1-33,148.75,49.5
berts_brights:1-34,148.75,51
berts_brights:1-35,148.75,52.5
berts_brights:1-36,148.75,54
berts_brights:1-37,148.75,55.5
berts_brights:1-38,148.75,57
berts_brights:1-39,148.75,58.5
berts_brights:1-40,148.75,60
berts_brights:1-41,148.75,61.5
berts_brights:1-42,148.75,63
berts_brights:1-43,148.75,64.5
berts_brights:1-44,148.75,66
berts_brights:1-45,148.75,67.5
berts_brights:1-46,148.75,69
berts_brights:1-47,148.75,70.5
berts_brights:1-48,148.75,72
berts_brights:1-49,148.75,73.5
berts_brights:1-50,148.75,75
berts_brights:1-51,148.75,76.5
berts_brights:1-52,148.75,78
berts_brights:1-53,148.75,79.5
berts_brights:1-54,148.75,81
berts_brights:1-55,148.75,82.5
berts_brights:1-56,148.75,84
berts_brights:1-57,148.75,85.5
berts_brights:1-58,148.75,87
berts_brights:1-59,148.75,88.5
berts_brights:1-60,148.75,90
berts_brights:1-61,148.75,91.5
berts_brights:1-62,148.75,93
berts_brights:1-63,148.75,94.5
berts_brights:1-64,148.75,96
berts_brights:1-65,148.75,97.5
berts_brights:1-66,148.75,99
berts_brights:1-67,148.75,100.5
berts_brights:1-68,148.75,102
berts_brights:1-69,148.75,103.5
berts_brights:1-70,148.75,105
berts_brights:1-71,148.75,106.5
berts_brights:1-72,148.75,108
berts_brights:1-73,148.75,109.5
berts_brights:1-74,148.75,111
berts_brights:1-75,148.75,112.5
berts_brights:1-76,148.75,114
berts_brights:1-77,148.75,115.5
berts_brights:1-78,148.75,117
berts_brights:1-79,148.75,118.5
berts_brights:1-80,148.75,120
berts_brights:1-81,148.75,121.5
berts_brights:1-82,148.75,123
berts_brights:1-83,148.75,124.5
berts_brights:1-84,148.75,126
berts_brights:1-85,148.75,127.5
berts_brights:1-86,148.75,129
berts_brights:1-87,148.75,130.5
berts_brights:1-88,148.75,132
berts_brights:1-89,148.75,133.5
berts_brights:1-90,148.75,135
berts_brights:1-91,148.75,136.5
berts_brights:1-92,148.75,138
berts_brights:1-93,148.75,139.5
berts_brights:1-94,148.75,140
berts_brights:1-95,150.25,140
berts_brights:1-96,151.75,140
berts_brights:1-97,153.25,140
berts_brights:1-98,154.75,140
berts_brights:1-99,156.25,140
berts_brights:1-100,157.75,140
berts_brights:1-101,159.25,140
berts_brights:1-102,160.75,140
berts_brights:1-103,162.25,140
berts_brights:1-104,163.75,140
berts_brights:1-105,165.25,140
berts_brights:1-106,166.75,140
berts_brights:1-107,168.25,140
berts_brights:1-108,169.75,140
berts_brights:1-109,171.25,140
berts_brights:1-110,172.75,140
berts_brights:1-111,174.25,140
berts_brights:1-112,175.75,140
berts_brights:1-113,177.25,140
berts_brights:1-114,178.75,140
berts_brights:1-115,180.25,140
berts_brights:1-116,181.75,140
berts_brights:1-117,183.25,140
berts_brights:1-118,184.75,140
berts_brights:1-119,186.25,140
berts_brights:1-120,187.75,140
berts_brights:1-121,189.25,140
berts_brights:1-122,190.75,140
berts_brights:1-123,192.25,140
berts_brights:1-124,193.75,140
berts_brights:1-125,195.25,140
berts_brights:1-126,196.75,140
berts_brights:1-127,198.25,140
berts_brights:1-128,199.75,140
berts_brights:1-129,201.25,140
berts_brights:1-130,202.75,140
berts_brights:1-131,204.25,140
berts_brights:1-132,205.75,140
berts_brights:1-133,207.25,140
berts_brights:1-134,207.25,138.5
berts_brights:1-135,207.25,137
berts_brights:1-136,207.25,135.5
berts_brights:1-137,207.25,134
berts_brights:1-138,207.25,132.5
berts_brights:1-139,207.25,131
berts_brights:1-140,207.25,129.5
berts_brights:1-141,207.25,128
berts_brights:1-142,207.25,126.5
berts_brights:1-143,207.25,125
berts_brights:1-144,207.25,123.5
berts_brights:1-145,207.25,122
berts_brights:1-146,207.25,120.5
berts_brights:1-147,207.25,119
berts_brights:1-148,207.25,117.5
berts_brights:1-149,207.25,116
berts_brights:1-150,207.25,114.5
berts_brights:1-151,207.25,113
berts_brights:1-152,207.25,111.5
berts_brights:1-153,207.25,110
berts_brights:1-154,207.25,108.5
berts_brights:1-155,207.25,107
berts_brights:1-156,207.25,105.5
berts_brights:1-157,207.25,104
berts_brights:1-158,207.25,102.5
berts_brights:1-159,207.25,101
berts_brights:1-160,207.25,99.5
berts_brights:1-161,207.25,98
berts_brights:1-162,207.25,96.5
berts_brights:1-163,207.25,95
berts_brights:1-164,207.25,93.5
berts_brights:1-165,207.25,92
berts_brights:1-166,207.25,90.5
berts_brights:1-167,207.25,89
berts_brights:1-168,207.25,87.5
berts_brights:1-169,207.25,86
berts_brights:1-170,207.25,84.5
berts_brights:1-171,207.25,83
berts_brights:1-172,207.25,81.5
berts_brights:1-173,207.25,80
berts_brights:1-174,207.25,78.5
berts_brights:1-175,207.25,77
berts_brights:1-176,207.25,75.5
berts_brights:1-177,207.25,74
berts_brights:1-178,207.25,72.5
berts_brights:1-179,207.25,71
berts_brights:1-180,207.25,69.5
berts_brights:1-181,207.25,68
berts_brights:1-182,207.25,66.5
berts_brights:1-183,207.25,65
berts_brights:1-184,207.25,63.5
berts_brights:1-185,207.25,62
berts_brights:1-186,207.25,60.5
berts_brights:1-187,207.25,59
berts_brights:1-188,207.25,57.5
berts_brights:1-189,207.25,56
berts_brights:1-190,207.25,54.5
berts_brights:1-191,207.25,53
berts_brights:1-192,207.25,51.5
berts_brights:1-193,207.25,50
berts_brights:1-194,207.25,48.5
berts_brights:1-195,207.25,47
berts_brights:1-196,207.25,45.5
berts_brights:1-197,207.25,44
berts_brights:1-198,207.25,42.5
berts_brights:1-199,207.25,41
berts_brights:1-200,207.25,39.5
berts_brights:1-201,207.25,38
berts_brights:1-202,207.25,36.5
berts_brights:1-203,207.25,35
berts_brights:1-204,207.25,33.5
berts_brights:1-205,207.25,32
berts_brights:1-206,207.25,30.5
berts_brights:1-207,207.25,29
berts_brights:1-208,207.25,27.5
berts_brights:1-209,207.25,26
berts_brights:1-210,207.25,24.5
berts_brights:1-211,207.25,23
berts_brights:1-212,207.25,21.5
berts_brights:1-213,207.25,20
berts_brights:1-214,207.25,18.5
berts_brights:1-215,207.25,17
berts_brights:1-216,207.25,15.5
berts_brights:1-217,207.25,14
berts_brights:1-218,207.25,12.5
berts_brights:1-219,207.25,11
berts_brights:1-220,207.25,9.5
berts_brights:1-221,207.25,8
berts_brights:1-222,207.25,6.5
berts_brights:1-223,207.25,5
berts_brights:1-224,207.25,3.5
berts_brights:1-225,207.25,2
berts_brights:1-226,207.25,0.5
berts_brights:2-0,114.5,0
berts_brights:2-1,114.5,1.5
berts_brights:2-2,114.5,3
berts_brights:2-3,114.5,4.5
berts_brights:2-4,114.5,6
berts_brights:2-5,114.5,7.5
berts_brights:2-6,114.5,9
berts_brights:2-7,114.5,10.5
berts_brights:2-8,114.5,12
berts_brights:2-9,114.5,13.5
berts_brights:2-10,114.5,15
berts_brights:2-11,114.5,16.5
berts_brights:2-12,114.5,18
berts_brights:2-13,114.5,19.5
berts_brights:2-14,114.5,21
berts_brights:2-15,114.5,22.5
berts_brights:2-16,114.5,24
berts_brights:2-17,114.5,25.5
berts_brights:2-18,114.5,27
berts_brights:2-19,114.5,28.5
berts_brights:2-20,114.5,30
berts_brights:2-21,114.5,31.5
berts_brights:2-22,114.5,33
berts_brights:2-23,114.5,34.5
berts_brights:2-24,114.5,36
berts_brights:2-25,114.5,37.5
berts_brights:2-26,114.5,39
berts_brights:2-27,114.5,40.5
berts_brights:2-28,114.5,42
berts_brights:2-29,114.5,43.5
berts_brights:2-30,114.5,45
berts_brights:2-31,114.5,46.5
berts_brights:2-32,114.5,48
berts_brights:2-33,114.5,49.5
berts_brights:2-34,114.5,51
berts_brights:2-35,114.5,52.5
berts_brights:2-36,114.5,54
berts_brights:2-37,114.5,55.5
berts_brights:2-38,114.5,57
berts_brights:2-39,114.5,58.5
berts_brights:2-40,114.5,60
berts_brights:2-41,114.5,61.5
berts_brights:2-42,114.5,63
berts_brights:2-43,114.5,64.5
berts_brights:2-44,114.5,66
berts_brights:2-45,114.5,67.5
berts_brights:2-46,114.5,69
berts_brights:2-47,114.5,70.5
berts_brights:2-48,114.5,72
berts_brights:2-49,114.5,73.5
berts_brights:2-50,114.5,75
berts_brights:2-51,114.5,76.5
berts_brights:2-52,114.5,78
berts_brights:2-53,114.5,79.5
berts_brights:2-54,114.5,81
berts_brights:2-55,114.5,82.5
berts_brights:2-56,114.5,84
berts_brights:2-57,114.5,85.5
berts_brights:2-58,114.5,87
berts_brights:2-59,114.5,88.5
berts_brights:2-60,114.5,90
berts_brights:2-61,114.5,91.5
berts_brights:2-62,114.5,93
berts_brights:2-63,114.5,94.5
berts_brights:2-64,114.5,96
berts_brights:2-65,114.5,97.5
berts_brights:2-66,114.5,99
berts_brights:2-67,114.5,100.5
berts_brights:2-68,114.5,102
berts_brights:2-69,114.5,103.5
berts_brights:2-70,114.5,105
berts_brights:2-71,114.5,106.5
berts_brights:2-72,114.5,108
berts_brights:2-73,114.5,109.5
berts_brights:2-74,114.5,111
berts_brights:2-75,114.5,112.5
berts_brights:2-76,114.5,114
berts_brights:2-77,114.5,115.5
berts_brights:2-78,114.5,117
berts_brights:2-79,114.5,118.5
berts_brights:2-80,114.5,120
berts_brights:2-81,114.5,121.5
berts_brights:2-82,114.5,123
berts_brights:2-83,114.5,124.5
berts_brights:2-84,114.5,126
berts_brights:2-85,114.5,127.5
berts_brights:2-86,114.5,129
berts_brights:2-87,114.5,130.5
berts_brights:2-88,114.5,132
berts_brights:2-89,114.5,133.5
berts_brights:2-90,114.5,135
berts_brights:2-91,114.5,136.5
berts_brights:2-92,114.5,138
berts_brights:2-93,114.5,139.5
berts_brights:2-94,114.5,141
berts_brights:2-95,114.5,142.5
berts_brights:2-96,114.5,144
berts_brights:2-97,114.5,145.5
berts_brights:2-98,114.5,147
berts_brights:2-99,114.5,148.5
berts_brights:2-100,114.5,150
berts_brights:2-101,114.5,151.5
berts_brights:2-102,114.5,153
berts_brights:2-103,114.5,154.5
berts_brights:2-104,114.5,156
berts_brights:2-105,114.5,157.5
berts_brights:2-106,114.5,159
berts_brights:2-107,114.5,160.5
berts_brights:2-108,114.5,162
berts_brights:2-109,114.5,163.5
berts_brights:2-110,114.5,165
berts_brights:2-111,114.5,166.5
berts_brights:2-112,114.5,168
berts_brights:2-113,114.5,169.5
berts_brights:2-114,114.5,171
berts_brights:2-115,114.5,172.5
berts_brights:2-116,114.5,174
berts_brights:2-117,114.5,175.5
berts_brights:2-118,114.5,177
berts_brights:2-119,114.5,178.5
berts_brights:2-120,114.5,180
berts_brights:2-121,116,180
berts_brights:2-122,117.5,180
berts_brights:2-123,119,180
berts_brights:2-124,120.5,180
berts_brights:2-125,122,180
berts_brights:2-126,123.5,180
berts_brights:2-127,125,180
berts_brights:2-128,126.5,180
berts_brights:2-129,128,180
berts_brights:2-130,129.5,180
berts_brights:2-131,131,180
berts_brights:2-132,132.5,180
berts_brights:2-133,134,180
berts_brights:2-134,135.5,180
berts_brights:2-135,137,180
berts_brights:2-136,138.5,180
berts_brights:2-137,140,180
berts_brights:2-138,141.5,180
berts_brights:2-139,143,180
berts_brights:2-140,144.5,180
berts_brights:2-141,146,180
berts_brights:2-142,147.5,180
berts_brights:2-143,149,180
berts_brights:2-144,150.5,180
berts_brights:2-145,152,180
berts_brights:2-146,153.5,180
berts_brights:2-147,155,180
berts_brights:2-148,156.5,180
berts_brights:2-149,158,180
berts_brights:2-150,159.5,180
berts_brights:2-151,161,180
berts_brights:2-152,162.5,180
berts_brights:2-153,164,180
berts_brights:2-154,165.5,180
berts_brights:2-155,167,180
berts_brights:2-156,168.5,180
berts_brights:2-157,170,180
berts_brights:2-158,171.5,180
berts_brights:2-159,173,180
berts_brights:2-160,174.5,180
berts_brights:2-161,176,180
berts_brights:2-162,177.5,180
berts_brights:2-163,179,180
berts_brights:2-164,180.5,180
berts_brights:2-165,182,180
berts_brights:2-166,183.5,180
berts_brights:2-167,185,180
berts_brights:2-168,186.5,180
berts_brights:2-169,188,180
berts_brights:2-170,189.5,180
berts_brights:2-171,191,180
berts_brights:2-172,192.5,180
berts_brights:2-173,194,180
berts_brights:2-174,195.5,180
berts_brights:2-175,197,180
berts_brights:2-176,198.5,180
berts_brights:2-177,200,180
berts_brights:2-178,201.5,180
berts_brights:2-179,203,180
berts_brights:2-180,204.5,180
berts_brights:2-181,206,180
berts_brights:2-182,207.5,180
berts_brights:2-183,209,180
berts_brights:2-184,210.5,180
berts_brights:2-185,212,180
berts_brights:2-186,213.5,180
berts_brights:2-187,215,180
berts_brights:2-188,216.5,180
berts_brights:2-189,218,180
berts_brights:2-190,219.5,180
berts_brights:2-191,221,180
berts_brights:2-192,222.5,180
berts_brights:2-193,224,180
berts_brights:2-194,225.5,180
berts_brights:2-195,227,180
berts_brights:2-196,228.5,180
berts_brights:2-197,230,180
berts_brights:2-198,231.5,180
berts_brights:2-199,233,180
berts_brights:2-200,234.5,180
berts_brights:2-201,236,180
berts_brights:2-202,237.5,180
berts_brights:2-203,239,180
berts_brights:2-204,240.5,180
berts_brights:2-205,241.5,180
berts_brights:2-206,241.5,178.5
berts_brights:2-207,241.5,177
berts_brights:2-208,241.5,175.5
berts_brights:2-209,241.5,174
berts_brights:2-210,241.5,172.5
berts_brights:2-211,241.5,171
berts_brights:2-212,241.5,169.5
berts_brights:2-213,241.5,168
berts_brights:2-214,241.5,166.5
berts_brights:2-215,241.5,165
berts_brights:2-216,241.5,163.5
berts_brights:2-217,241.5,162
berts_brights:2-218,241.5,160.5
berts_brights:2-219,241.5,159
berts_brights:2-220,241.5,157.5
berts_brights:2-221,241.5,156
berts_brights:2-222,241.5,154.5
berts_brights:2-223,241.5,153
berts_brights:2-224,241.5,151.5
berts_brights:2-225,241.5,150
berts_brights:2-226,241.5,148.5
berts_brights:2-227,241.5,147
berts_brights:2-228,241.5,145.5
berts_brights:2-229,241.5,144
berts_brights:2-230,241.5,142.5
berts_brights:2-231,241.5,141
berts_brights:2-232,241.5,139.5
berts_brights:2-233,241.5,138
berts_brights:2-234,241.5,136.5
berts_brights:2-235,241.5,135
berts_brights:2-236,241.5,133.5
berts_brights:2-237,241.5,132
berts_brights:2-238,241.5,130.5
berts_brights:2-239,241.5,129
berts_brights:2-240,241.5,127.5
berts_brights:2-241,241.5,126
berts_brights:2-242,241.5,124.5
berts_brights:2-243,241.5,123
berts_brights:2-244,241.5,121.5
berts_brights:2-245,241.5,120
berts_brights:2-246,241.5,118.5
berts_brights:2-247,241.5,117
berts_brights:2-248,241.5,115.5
berts_brights:2-249,241.5,114
berts_brights:2-250,241.5,112.5
berts_brights:2-251,241.5,111
berts_brights:2-252,241.5,109.5
berts_brights:2-253,241.5,108
berts_brights:2-254,241.5,106.5
berts_brights:2-255,241.5,105
berts_brights:2-256,241.5,103.5
berts_brights:2-257,241.5,102
berts_brights:2-258,241.5,100.5
berts_brights:2-259,241.5,99
berts_brights:2-260,241.5,97.5
berts_brights:2-261,241.5,96
berts_brights:2-262,241.5,94.5
berts_brights:2-263,241.5,93
berts_brights:2-264,241.5,91.5
berts_brights:2-265,241.5,90
berts_brights:2-266,241.5,88.5
berts_brights:2-267,241.5,87
berts_brights:2-268,241.5,85.5
berts_brights:2-269,241.5,84
berts_brights:2-270,241.5,82.5
berts_brights:2-271,241.5,81
berts_brights:2-272,241.5,79.5
berts_brights:2-273,241.5,78
berts_brights:2-274,241.5,76.5
berts_brights:2-275,241.5,75
berts_brights:2-276,241.5,73.5
berts_brights:2-277,241.5,72
berts_brights:2-278,241.5,70.5
berts_brights:2-279,241.5,69
berts_brights:2-280,241.5,67.5
berts_brights:2-281,241.5,66
berts_brights:2-282,241.5,64.5
berts_brights:2-283,241.5,63
berts_brights:2-284,241.5,61.5
berts_brights:2-285,241.5,60
berts_brights:2-286,241.5,58.5
berts_brights:2-287,241.5,57
berts_brights:2-288,241.5,55.5
berts_brights:2-289,241.5,54
berts_brights:2-290,241.5,52.5
berts_brights:2-291,241.5,51
berts_brights:2-292,241.5,49.5
berts_brights:2-293,241.5,48
berts_brights:2-294,241.5,46.5
berts_brights:2-295,241.5,45
berts_brights:2-296,241.5,43.5
berts_brights:2-297,241.5,42
berts_brights:2-298,241.5,40.5
berts_brights:2-299,241.5,39
berts_brights:2-300,241.5,37.5
berts_brights:2-301,241.5,36
berts_brights:2-302,241.5,34.5
berts_brights:2-303,241.5,33
berts_brights:2-304,241.5,31.5
berts_brights:2-305,241.5,30
berts_brights:2-306,241.5,28.5
berts_brights:2-307,241.5,27
berts_brights:2-308,241.5,25.5
berts_brights:2-309,241.5,24
berts_brights:2-310,241.5,22.5
berts_brights:2-311,241.5,21
berts_brights:2-312,241.5,19.5
berts_brights:2-313,241.5,18
berts_brights:2-314,241.5,16.5
berts_brights:2-315,241.5,15
berts_brights:2-316,241.5,13.5
berts_brights:2-317,241.5,12
berts_brights:2-318,241.5,10.5
berts_brights:2-319,241.5,9
berts_brights:2-320,241.5,7.5
berts_brights:2-321,241.5,6
berts_brights:2-322,241.5,4.5
berts_brights:2-323,241.5,3
berts_brights:2-324,241.5,1.5
spoonful_of_circuitry:1-0,294,0
spoonful_of_circuitry:1-1,294,1.5
spoonful_of_circuitry:1-2,294,3
spoonful_of_circuitry:1-3,294,4.5
spoonful_of_circuitry:1-4,294,6
spoonful_of_circuitry:1-5,294,7.5
spoonful_of_circuitry:1-6,294,9
spoonful_of_circuitry:1-7,294,10.5
spoonful_of_circuitry:1-8,294,12
spoonful_of_circuitry:1-9,294,13.5
spoonful_of_circuitry:1-10,294,15
spoonful_of_circuitry:1-11,294,16.5
spoonful_of_circuitry:1-12,294,18
spoonful_of_circuitry:1-13,294,19.5
spoonful_of_circuitry:1-14,294,21
spoonful_of_circuitry:1-15,294,22.5
spoonful_of_circuitry:1-16,294,24
spoonful_of_circuitry:1-17,294,25.5
spoonful_of_circuitry:1-18,294,27
spoonful_of_circuitry:1-19,294,28.5
spoonful_of_circuitry:1-20,294,30
spoonful_of_circuitry:1-21,294,31.5
spoonful_of_circuitry:1-22,294,33
spoonful_of_circuitry:1-23,294,34.5
spoonful_of_circuitry:1-24,294,36
spoonful_of_circuitry:1-25,294,37.5
spoonful_of_circuitry:1-26,294,39
spoonful_of_circuitry:1-27,294,40.5
spoonful_of_circuitry:1-28,294,42
spoonful_of_circuitry:1-29,294,43.5
spoonful_of_circuitry:1-30,294,45
spoonful_of_circuitry:1-31,294,46.5
spoonful_of_circuitry:1-32,294,48
spoonful_of_circuitry:1-33,294,49.5
spoonful_of_circuitry:1-34,294,51
spoonful_of_circuitry:1-35,294,52.5
spoonful_of_circuitry:1-36,294,54
spoonful_of_circuitry:1-37,294,55.5
spoonful_of_circuitry:1-38,294,57
spoonful_of_circuitry:1-39,294,58.5
spoonful_of_circuitry:1-40,294,60
spoonful_of_circuitry:1-41,294,61.5
spoonful_of_circuitry:1-42,294,63
spoonful_of_circuitry:1-43,294,64.5
spoonful_of_circuitry:1-44,294,66
spoonful_of_circuitry:1-45,294,67.5
spoonful_of_circuitry:1-46,294,69
spoonful_of_circuitry:1-47,294,70.5
spoonful_of_circuitry:1-48,294,72
spoonful_of_circuitry:1-49,294,73.5
spoonful_of_circuitry:1-50,294,75
spoonful_of_circuitry:1-51,294,76.5
spoonful_of_circuitry:1-52,294,78
spoonful_of_circuitry:1-53,294,79.5
spoonful_of_circuitry:1-54,294,81
spoonful_of_circuitry:1-55,294,82.5
spoonful_of_circuitry:1-56,294,84
spoonful_of_circuitry:1-57,294,85.5
spoonful_of_circuitry:1-58,294,87
spoonful_of_circuitry:1-59,294,88.5
spoonful_of_circuitry:1-60,294,90
spoonful_of_circuitry:1-61,294,91.5
spoonful_of_circuitry:1-62,294,93
spoonful_of_circuitry:1-63,294,94.5
spoonful_of_circuitry:1-64,294,96
spoonful_of_circuitry:1-65,295.5,96
spoonful_of_circuitry:1-66,297,96
spoonful_of_circuitry:1-67,298.5,96
spoonful_of_circuitry:1-68,300,96
spoonful_of_circuitry:1-69,301.5,96
spoonful_of_circuitry:1-70,303,96
spoonful_of_circuitry:1-71,304.5,96
spoonful_of_circuitry:1-72,306,96
spoonful_of_circuitry:1-73,307.5,96
spoonful_of_circuitry:1-74,309,96
spoonful_of_circuitry:1-75,310.5,96
spoonful_of_circuitry:1-76,312,96
spoonful_of_circuitry:1-77,313.5,96
spoonful_of_circuitry:1-78,315,96
spoonful_of_circuitry:1-79,316.5,96
spoonful_of_circuitry:1-80,318,96
spoonful_of_circuitry:1-81,319.5,96
spoonful_of_circuitry:1-82,321,96
spoonful_of_circuitry:1-83,322.5,96
spoonful_of_circuitry:1-84,324,96
spoonful_of_circuitry:1-85,325.5,96
spoonful_of_circuitry:1-86,327,96
spoonful_of_circuitry:1-87,328.5,96
spoonful_of_circuitry:1-88,330,96
spoonful_of_circuitry:1-89,331.5,96
spoonful_of_circuitry:1-90,333,96
spoonful_of_circuitry:1-91,334.5,96
spoonful_of_circuitry:1-92,336,96
spoonful_of_circuitry:1-93,337.5,96
spoonful_of_circuitry:1-94,337.5,94.5
spoonful_of_circuitry:1-95,337.5,93
spoonful_of_circuitry:1-96,337.5,91.5
spoonful_of_circuitry:1-97,337.5,90
spoonful_of_circuitry:1-98,337.5,88.5
spoonful_of_circuitry:1-99,337.5,87
spoonful_of_circuitry:1-100,337.5,85.5
spoonful_of_circuitry:1-101,337.5,84
spoonful_of_circuitry:1-102,337.5,82.5
spoonful_of_circuitry:1-103,337.5,81
spoonful_of_circuitry:1-104,337.5,79.5
spoonful_of_circuitry:1-105,337.5,78
spoonful_of_circuitry:1-106,337.5,76.5
spoonful_of_circuitry:1-107,337.5,75
spoonful_of_circuitry:1-108,337.5,73.5
spoonful_of_circuitry:1-109,337.5,72
spoonful_of_circuitry:1-110,337.5,70.5
spoonful_of_circuitry:1-111,337.5,69
spoonful_of_circuitry:1-112,337.5,67.5
spoonful_of_circuitry:1-113,337.5,66
spoonful_of_circuitry:1-114,337.5,64.5
spoonful_of_circuitry:1-115,337.5,63
spoonful_of_circuitry:1-116,337.5,61.5
spoonful_of_circuitry:1-117,337.5,60
spoonful_of_circuitry:1-118,337.5,58.5
spoonful_of_circuitry:1-119,337.5,57
spoonful_of_circuitry:1-120,337.5,55.5
spoonful_of_circuitry:1-121,337.5,54
spoonful_of_circuitry:1-122,337.5,52.5
spoonful_of_circuitry:1-123,337.5,51
spoonful_of_circuitry:1-124,337.5,49.5
spoonful_of_circuitry:1-125,337.5,48
spoonful_of_circuitry:1-126,337.5,46.5
spoonful_of_circuitry:1-127,337.5,45
spoonful_of_circuitry:1-128,337.5,43.5
spoonful_of_circuitry:1-129,337.5,42
spoonful_of_circuitry:1-130,337.5,40.5
spoonful_of_circuitry:1-131,337.5,39
spoonful_of_circuitry:1-132,337.5,37.5
spoonful_of_circuitry:1-133,337.5,36
spoonful_of_circuitry:1-134,337.5,34.5
spoonful_of_circuitry:1-135,337.5,33
spoonful_of_circuitry:1-136,337.5,31.5
spoonful_of_circuitry:1-137,337.5,30
spoonful_of_circuitry:1-138,337.5,28.5
spoonful_of_circuitry:1-139,337.5,27
spoonful_of_circuitry:1-140,337.5,25.5
spoonful_of_circuitry:1-141,337.5,24
spoonful_of_circuitry:1-142,337.5,22.5
spoonful_of_circuitry:1-143,337.5,21
spoonful_of_circuitry:1-144,337.5,19.5
spoonful_of_circuitry:1-145,337.5,18
spoonful_of_circuitry:1-146,337.5,16.5
spoonful_of_circuitry:1-147,337.5,15
spoonful_of_circuitry:1-148,337.5,13.5
spoonful_of_circuitry:1-149,337.5,12
spoonful_of_circuitry:1-150,337.5,10.5
spoonful_of_circuitry:1-151,337.5,9
spoonful_of_circuitry:1-152,337.5,7.5
spoonful_of_circuitry:1-153,337.5,6
spoonful_of_circuitry:1-154,337.5,4.5
spoonful_of_circuitry:1-155,337.5,3
spoonful_of_circuitry:1-156,337.5,1.5
spoonful_of_circuitry:2-0,272.5,0
spoonful_of_circuitry:2-1,272.5,1.5
spoonful_of_circuitry:2-2,272.5,3
spoonful_of_circuitry:2-3,272.5,4.5
spoonful_of_circuitry:2-4,272.5,6
spoonful_of_circuitry:2-5,272.5,7.5
spoonful_of_circuitry:2-6,272.5,9
spoonful_of_circuitry:2-7,272.5,10.5
spoonful_of_circuitry:2-8,272.5,12
spoonful_of_circuitry:2-9,272.5,13.5
spoonful_of_circuitry:2-10,272.5,15
spoonful_of_circuitry:2-11,272.5,16.5
spoonful_of_circuitry:2-12,272.5,18
spoonful_of_circuitry:2-13,272.5,19.5
spoonful_of_circuitry:2-14,272.5,21
spoonful_of_circuitry:2-15,272.5,22.5
spoonful_of_circuitry:2-16,272.5,24
spoonful_of_circuitry:2-17,272.5,25.5
spoonful_of_circuitry:2-18,272.5,27
spoonful_of_circuitry:2-19,272.5,28.5
spoonful_of_circuitry:2-20,272.5,30
spoonful_of_circuitry:2-21,272.5,31.5
spoonful_of_circuitry:2-22,272.5,33
spoonful_of_circuitry:2-23,272.5,34.5
spoonful_of_circuitry:2-24,272.5,36
spoonful_of_circuitry:2-25,272.5,37.5
spoonful_of_circuitry:2-26,272.5,39
spoonful_of_circuitry:2-27,272.5,40.5
spoonful_of_circuitry:2-28,272.5,42
spoonful_of_circuitry:2-29,272.5,43.5
spoonful_of_circuitry:2-30,272.5,45
spoonful_of_circuitry:2-31,272.5,46.5
spoonful_of_circuitry:2-32,272.5,48
spoonful_of_circuitry:2-33,272.5,49.5
spoonful_of_circuitry:2-34,272.5,51
spoonful_of_circuitry:2-35,272.5,52.5
spoonful_of_circuitry:2-36,272.5,54
spoonful_of_circuitry:2-37,272.5,55.5
spoonful_of_circuitry:2-38,272.5,57
spoonful_of_circuitry:2-39,272.5,58.5
spoonful_of_circuitry:2-40,272.5,60
spoonful_of_circuitry:2-41,272.5,61.5
spoonful_of_circuitry:2-42,272.5,63
spoonful_of_circuitry:2-43,272.5,64.5
spoonful_of_circuitry:2-44,272.5,66
spoonful_of_circuitry:2-45,272.5,67.5
spoonful_of_circuitry:2-46,272.5,69
spoonful_of_circuitry:2-47,272.5,70.5
spoonful_of_circuitry:2-48,272.5,72
spoonful_of_circuitry:2-49,272.5,73.5
spoonful_of_circuitry:2-50,272.5,75
spoonful_of_circuitry:2-51,272.5,76.5
spoonful_of_circuitry:2-52,272.5,78
spoonful_of_circuitry:2-53,272.5,79.5
spoonful_of_circuitry:2-54,272.5,81
spoonful_of_circuitry:2-55,272.5,82.5
spoonful_of_circuitry:2-56,272.5,84
spoonful_of_circuitry:2-57,272.5,85.5
spoonful_of_circuitry:2-58,272.5,87
spoonful_of_circuitry:2-59,272.5,88.5
spoonful_of_circuitry:2-60,272.5,90
spoonful_of_circuitry:2-61,272.5,91.5
spoonful_of_circuitry:2-62,272.5,93
spoonful_of_circuitry:2-63,272.5,94.5
spoonful_of_circuitry:2-64,272.5,96
spoonful_of_circuitry:2-65,272.5,97.5
spoonful_of_circuitry:2-66,272.5,99
spoonful_of_circuitry:2-67,272.5,100.5
spoonful_of_circuitry:2-68,272.5,102
spoonful_of_circuitry:2-69,272.5,103.5
spoonful_of_circuitry:2-70,272.5,105
spoonful_of_circuitry:2-71,272.5,106.5
spoonful_of_circuitry:2-72,272.5,108
spoonful_of_circuitry:2-73,272.5,109.5
spoonful_of_circuitry:2-74,272.5,111
spoonful_of_circuitry:2-75,272.5,112.5
spoonful_of_circuitry:2-76,272.5,114
spoonful_of_circuitry:2-77,272.5,115.5
spoonful_of_circuitry:2-78,272.5,117
spoonful_of_circuitry:2-79,272.5,118.5
spoonful_of_circuitry:2-80,272.5,120
spoonful_of_circuitry:2-81,272.5,121.5
spoonful_of_circuitry:2-82,272.5,123
spoonful_of_circuitry:2-83,272.5,124.5
spoonful_of_circuitry:2-84,272.5,126
spoonful_of_circuitry:2-85,272.5,127
spoonful_of_circuitry:2-86,274,127
spoonful_of_circuitry:2-87,275.5,127
spoonful_of_circuitry:2-88,277,127
spoonful_of_circuitry:2-89,278.5,127
spoonful_of_circuitry:2-90,280,127
spoonful_of_circuitry:2-91,281.5,127
spoonful_of_circuitry:2-92,283,127
spoonful_of_circuitry:2-93,284.5,127
spoonful_of_circuitry:2-94,286,127
spoonful_of_circuitry:2-95,287.5,127
spoonful_of_circuitry:2-96,289,127
spoonful_of_circuitry:2-97,290.5,127
spoonful_of_circuitry:2-98,292,127
spoonful_of_circuitry:2-99,293.5,127
spoonful_of_circuitry:2-100,295,127
spoonful_of_circuitry:2-101,296.5,127
spoonful_of_circuitry:2-102,298,127
spoonful_of_circuitry:2-103,299.5,127
spoonful_of_circuitry:2-104,301,127
spoonful_of_circuitry:2-105,302.5,127
spoonful_of_circuitry:2-106,304,127
spoonful_of_circuitry:2-107,305.5,127
spoonful_of_circuitry:2-108,307,127
spoonful_of_circuitry:2-109,308.5,127
spoonful_of_circuitry:2-110,310,127
spoonful_of_circuitry:2-111,311.5,127
spoonful_of_circuitry:2-112,313,127
spoonful_of_circuitry:2-113,314.5,127
spoonful_of_circuitry:2-114,316,127
spoonful_of_circuitry:2-115,317.5,127
spoonful_of_circuitry:2-116,319,127
spoonful_of_circuitry:2-117,320.5,127
spoonful_of_circuitry:2-118,322,127
spoonful_of_circuitry:2-119,323.5,127
spoonful_of_circuitry:2-120,325,127
spoonful_of_circuitry:2-121,326.5,127
spoonful_of_circuitry:2-122,328,127
spoonful_of_circuitry:2-123,329.5,127
spoonful_of_circuitry:2-124,331,127
spoonful_of_circuitry:2-125,332.5,127
spoonful_of_circuitry:2-126,334,127
spoonful_of_circuitry:2-127,335.5,127
spoonful_of_circuitry:2-128,337,127
spoonful_of_circuitry:2-129,338.5,127
spoonful_of_circuitry:2-130,340,127
spoonful_of_circuitry:2-131,341.5,127
spoonful_of_circuitry:2-132,343,127
spoonful_of_circuitry:2-133,344.5,127
spoonful_of_circuitry:2-134,346,127
spoonful_of_circuitry:2-135,347.5,127
spoonful_of_circuitry:2-136,349,127
spoonful_of_circuitry:2-137,350.5,127
spoonful_of_circuitry:2-138,352,127
spoonful_of_circuitry:2-139,353.5,127
spoonful_of_circuitry:2-140,355,127
spoonful_of_circuitry:2-141,356.5,127
spoonful_of_circuitry:2-142,358,127
spoonful_of_circuitry:2-143,359,127
spoonful_of_circuitry:2-144,359,125.5
spoonful_of_circuitry:2-145,359,124
spoonful_of_circuitry:2-146,359,122.5
spoonful_of_circuitry:2-147,359,121
spoonful_of_circuitry:2-148,359,119.5
spoonful_of_circuitry:2-149,359,118
spoonful_of_circuitry:2-150,359,116.5
spoonful_of_circuitry:2-151,359,115
spoonful_of_circuitry:2-152,359,113.5
spoonful_of_circuitry:2-153,359,112
spoonful_of_circuitry:2-154,359,110.5
spoonful_of_circuitry:2-155,359,109
spoonful_of_circuitry:2-156,359,107.5
spoonful_of_circuitry:2-157,359,106
spoonful_of_circuitry:2-158,359,104.5
spoonful_of_circuitry:2-159,359,103
spoonful_of_circuitry:2-160,359,101.5
spoonful_of_circuitry:2-161,359,100
spoonful_of_circuitry:2-162,359,98.5
spoonful_of_circuitry:2-163,359,97
spoonful_of_circuitry:2-164,359,95.5
spoonful_of_circuitry:2-165,359,94
spoonful_of_circuitry:2-166,359,92.5
spoonful_of_circuitry:2-167,359,91
spoonful_of_circuitry:2-168,359,89.5
spoonful_of_circuitry:2-169,359,88
spoonful_of_circuitry:2-170,359,86.5
spoonful_of_circuitry:2-171,359,85
spoonful_of_circuitry:2-172,359,83.5
spoonful_of_circuitry:2-173,359,82
spoonful_of_circuitry:2-174,359,80.5
spoonful_of_circuitry:2-175,359,79
spoonful_of_circuitry:2-176,359,77.5
spoonful_of_circuitry:2-177,359,76
spoonful_of_circuitry:2-178,359,74.5
spoonful_of_circuitry:2-179,359,73
spoonful_of_circuitry:2-180,359,71.5
spoonful_of_circuitry:2-181,359,70
spoonful_of_circuitry:2-182,359,68.5
spoonful_of_circuitry:2-183,359,67
spoonful_of_circuitry:2-184,359,65.5
spoonful_of_circuitry:2-185,359,64
spoonful_of_circuitry:2-186,359,62.5
spoonful_of_circuitry:2-187,359,61
spoonful_of_circuitry:2-188,359,59.5
spoonful_of_circuitry:2-189,359,58
spoonful_of_circuitry:2-190,359,56.5
spoonful_of_circuitry:2-191,359,55
spoonful_of_circuitry:2-192,359,53.5
spoonful_of_circuitry:2-193,359,52
spoonful_of_circuitry:2-194,359,50.5
spoonful_of_circuitry:2-195,359,49
spoonful_of_circuitry:2-196,359,47.5
spoonful_of_circuitry:2-197,359,46
spoonful_of_circuitry:2-198,359,44.5
spoonful_of_circuitry:2-199,359,43
spoonful_of_circuitry:2-200,359,41.5
spoonful_of_circuitry:2-201,359,40
spoonful_of_circuitry:2-202,359,38.5
spoonful_of_circuitry:2-203,359,37
spoonful_of_circuitry:2-204,359,35.5
spoonful_of_circuitry:2-205,359,34
spoonful_of_circuitry:2-206,359,32.5
spoonful_of_circuitry:2-207,359,31
spoonful_of_circuitry:2-208,359,29.5
spoonful_of_circuitry:2-209,359,28
spoonful_of_circuitry:2-210,359,26.5
spoonful_of_circuitry:2-211,359,25
spoonful_of_circuitry:2-212,359,23.5
spoonful_of_circuitry:2-213,359,22
spoonful_of_circuitry:2-214,359,20.5
spoonful_of_circuitry:2-215,359,19
spoonful_of_circuitry:2-216,359,17.5
spoonful_of_circuitry:2-217,359,16
spoonful_of_circuitry:2-218,359,14.5
spoonful_of_circuitry:2-219,359,13
spoonful_of_circuitry:2-220,359,11.5
spoonful_of_circuitry:2-221,359,10
spoonful_of_circuitry:2-222,359,8.5
spoonful_of_circuitry:2-223,359,7
spoonful_of_circuitry:2-224,359,5.5
spoonful_of_circuitry:2-225,359,4
spoonful_of_circuitry:2-226,359,2.5
spoonful_of_circuitry:2-227,359,1